{"cameraMode":{"drawMode":0,"name":"Shaded","section":"Shading Mode"},"sceneLighting":true,"audioPlay":false,"sceneViewState":{"m_AlwaysRefresh":false,"showFog":true,"showSkybox":true,"showFlares":true,"showImageEffects":true,"showParticleSystems":true,"showVisualEffectGraphs":true,"m_FxEnabled":true},"in2DMode":false,"pivot":{"x":0.9539846181869507,"y":-0.04995894432067871,"z":-0.10104279220104218},"rotation":{"x":0.06162475794553757,"y":-0.7023162245750427,"z":0.06125614419579506,"w":0.7065426111221314},"size":6.020279884338379,"orthographic":false}